Tanya Tessman  ,1,892975630,depqpnsinp,wife,105
Perry Perea  ,2,455653892,qzydbpsguk,daughter,1
Connie Coakley  ,3,665310984,ybpqxkfbql,son,2
Ma Mumper  ,4,784408606,fodvyfcyts,father,3
Mendy Mulvaney  ,5,480431190,wnljqeztbr,mother,4
Rochelle Raco  ,6,920639421,houeoksfol,husband,5
Trina Thrift  ,7,442859603,irrtezftjt,wife,6
Trina Thrift  ,7,442859603,byeuqsesoh,daughter,7
Fatima Flemister  ,8,229583876,arkfjbkmcw,son,8
Renata Roybal  ,9,216541036,uwptqzvhzz,father,9
Terrence Telford  ,10,,tmieqxhzsf,wife,10
Janina Janas  ,11,177058978,qgwftsfmhj,daughter,111
Rosaura Rashid  ,12,784037892,yzzyalzjxw,son,61
Reiko Ruppe  ,13,935391363,ipldphlpag,father,62
Emmie Estrella  ,14,587576980,jzagudqluu,mother,63
Irmgard Isakson  ,15,116810951,etwmtcxxjx,husband,64
Natalya Nakamura  ,16,150137536,nwpiellyrd,wife,65
Jose Jara  ,17,958411199,srsevdjgjt,daughter,66
Dorothy Dufresne  ,18,110706858,yhdjhxujfx,son,67
Dierdre Delisa  ,19,207925560,sfsounxgtq,father,68
Margarete Mcgillis  ,20,,zdqshiggtp,mother,69
Katina Kitt  ,21,645208416,oqamewgzko,husband,117
Madaline Mcneeley  ,22,347421674,qplmmlzliu,wife,81
Lamar Longoria  ,23,979298503,btbtbhojtg,daughter,82
Cassidy Cady  ,24,179736133,rseowklyqg,son,83
Yesenia Yoakum  ,25,755448201,fpuwogjsim,father,84
Vicki Valladares  ,26,942326563,rrblvdjzjr,mother,85
Karen Koeller  ,27,359528231,utokexdcxq,husband,86
Lashon Lambrecht  ,28,304789740,gyljrdifjn,mother,87
Phoebe Pembleton  ,29,897170941,zbqxfspydc,husband,88
Latricia Litz  ,30,191200761,xsrcubwuen,wife,130
Vanita Vesely  ,31,909087442,jbfcsanubz,daughter,13
Clint Capello  ,32,772022867,ohzcmroxkn,son,14
Melda Matheney  ,33,623120376,bxrtneczqf,father,15
Jalisa Jorstad  ,34,531236843,mdeobqvalf,mother,16
Jacquie Jobe  ,35,287768089,frlccfxktj,husband,17
Cassondra Cudney  ,36,543726457,dnmqicwgkl,son,18
Neville Nicks  ,37,,hwhmlmndla,father,19
Leonore Leblanc  ,38,512074640,tevfeqcrxs,mother,20
Marylyn Malmberg  ,39,368575822,yycblstufe,husband,21
Alena Albino  ,40,112502338,xbmtfvksfp,wife,138
Latosha Lore  ,41,980594266,nwjotadrhk,daughter,18
Lanny Leiva  ,42,788400561,nnwnpxstcp,son,19
Tessa Trainor  ,43,284330091,qlhqlunlcq,father,20
Jeremy Jerez  ,44,967655127,deybaphlad,mother,21
Clora Calloway  ,45,847986673,xkztcrebwl,husband,146
Margurite Meriwether  ,46,,lshqcelsnj,wife,18
Creola Carra  ,47,621463371,ditzysvihx,daughter,19
Brandee Bevilacqua  ,48,928144354,dyznldxsxv,son,20
Meridith Martinsen  ,49,925371427,igplfqryat,father,21
Cassondra Cudney  ,50,543726457,asjbckgefsjb,father,20
